PLAYER_ID,PLAYER_NAME,TEAM_ID,TEAM_ABBREVIATION,AGE,GP,W,L,W_PCT,MIN,FGM,FGA,FG_PCT,FG3M,FG3A,FG3_PCT,FTM,FTA,FT_PCT,REB,AST,TOV,STL,BLK,BLKA,PF,PFD,PTS,PLUS_MINUS,TEAM_COUNT,YEARS_PLAYED,PTS_Z,REB_Z,AST_Z,BLK_Z,STL_Z
1631260,AJ Green,1610612749,MIL,26.0,78,31,47,0.397,29.1,3.4,7.9,0.424,3.0,7.1,0.419,0.7,0.8,0.855,2.7,1.9,1.0,0.5,0.1,14,179,81,10.4,-148,1,4,-0.65,-0.97,-0.71,-1.03,-1.3
203932,Aaron Gordon,1610612743,DEN,30.0,36,27,9,0.75,27.9,5.5,11.1,0.497,1.7,4.4,0.389,3.5,4.5,0.767,5.8,2.7,1.1,0.6,0.3,14,62,121,16.2,272,1,12,0.36,0.43,-0.27,-0.55,-1.01
1630174,Aaron Nesmith,1610612754,IND,26.0,45,10,35,0.222,29.7,4.7,11.4,0.414,2.3,6.2,0.379,2.0,2.5,0.829,4.2,1.9,1.4,0.6,0.5,36,124,115,13.8,-201,1,6,-0.06,-0.29,-0.71,-0.07,-1.01
1630598,Aaron Wiggins,1610612760,OKC,27.0,65,50,15,0.769,21.8,3.6,8.2,0.431,1.5,4.2,0.356,0.8,1.1,0.736,3.1,1.7,1.2,0.9,0.4,28,83,58,9.4,178,1,5,-0.82,-0.79,-0.81,-0.31,-0.11
1642846,Ace Bailey,1610612762,UTA,19.0,72,19,53,0.264,27.6,5.5,12.4,0.443,1.9,5.5,0.344,0.9,1.2,0.75,4.2,1.8,1.5,0.8,0.7,29,193,85,13.8,-448,1,1,-0.06,-0.29,-0.76,0.4,-0.41
1642349,Ajay Mitchell,1610612760,OKC,23.0,57,50,7,0.877,25.8,5.0,10.4,0.485,1.1,3.1,0.347,2.5,2.8,0.87,3.3,3.6,1.4,1.2,0.3,26,119,149,13.6,502,1,2,-0.09,-0.7,0.21,-0.55,0.79
201143,Al Horford,1610612744,GSW,40.0,45,22,23,0.489,21.5,3.1,7.2,0.426,1.6,4.6,0.361,0.5,0.6,0.846,4.9,2.6,0.9,0.7,1.1,7,51,21,8.3,-9,1,19,-1.02,0.02,-0.33,1.36,-0.71
1642259,Alex Sarr,1610612764,WAS,21.0,48,11,37,0.229,27.2,6.6,13.7,0.482,1.0,3.1,0.333,2.1,3.0,0.692,7.4,2.7,1.7,0.8,2.0,60,105,125,16.3,-351,1,2,0.38,1.16,-0.27,3.5,-0.41
1630578,Alperen Sengun,1610612745,HOU,23.0,72,46,26,0.639,33.3,8.1,15.6,0.519,0.6,1.8,0.305,3.6,5.2,0.691,8.9,6.2,3.2,1.2,1.1,64,238,366,20.4,205,1,5,1.09,1.84,1.61,1.36,0.79
1641708,Amen Thompson,1610612745,HOU,23.0,79,49,30,0.62,37.4,7.1,13.2,0.534,0.3,1.5,0.216,3.8,4.9,0.779,7.8,5.3,2.4,1.5,0.6,68,175,294,18.3,368,1,3,0.73,1.34,1.13,0.16,1.69
1629614,Andrew Nembhard,1610612754,IND,26.0,57,13,44,0.228,31.3,5.8,13.2,0.442,1.9,5.2,0.361,3.4,4.1,0.825,2.8,7.7,2.4,0.9,0.1,38,126,188,16.9,-393,1,4,0.48,-0.93,2.42,-1.03,-0.11
203952,Andrew Wiggins,1610612748,MIA,31.0,68,35,33,0.515,30.3,5.7,12.1,0.475,2.0,4.9,0.414,1.9,2.4,0.784,4.8,2.7,1.5,1.1,1.0,41,156,126,15.4,9,1,12,0.22,-0.02,-0.27,1.12,0.49
1629014,Anfernee Simons,1610612741,CHI,27.0,55,31,24,0.564,24.9,5.2,11.8,0.44,2.7,6.9,0.385,1.3,1.4,0.896,2.5,2.4,1.2,0.5,0.1,28,94,61,14.3,98,2,8,0.03,-1.07,-0.44,-1.03,-1.3
1641710,Anthony Black,1610612753,ORL,22.0,64,36,28,0.563,29.8,5.4,12.1,0.447,1.6,4.7,0.333,2.6,3.6,0.732,3.8,3.7,2.1,1.4,0.7,54,170,187,15.0,-14,1,3,0.15,-0.48,0.27,0.4,1.39
1630162,Anthony Edwards,1610612750,MIN,24.0,61,37,24,0.607,35.0,9.9,20.2,0.489,3.4,8.4,0.399,5.7,7.2,0.796,5.0,3.7,2.9,1.4,0.8,29,118,272,28.8,162,1,6,2.55,0.07,0.27,0.64,1.39
1641709,Ausar Thompson,1610612765,DET,23.0,73,53,20,0.726,26.0,4.2,7.9,0.525,0.1,0.3,0.25,1.5,2.6,0.571,5.7,3.1,1.5,2.0,0.9,42,198,153,9.9,397,1,3,-0.74,0.38,-0.06,0.88,3.18
1630559,Austin Reaves,1610612747,LAL,28.0,51,36,15,0.706,34.5,7.3,14.9,0.49,2.3,6.4,0.36,6.3,7.3,0.871,4.7,5.5,3.0,1.1,0.4,37,110,273,23.3,182,1,5,1.6,-0.07,1.24,-0.31,0.49
1630245,Ayo Dosunmu,1610612750,MIN,26.0,69,36,33,0.522,27.3,5.6,10.8,0.517,1.8,4.1,0.439,1.8,2.1,0.876,3.4,3.6,1.4,0.8,0.3,58,130,102,14.8,-67,2,5,0.12,-0.66,0.21,-0.55,-0.41
1628389,Bam Adebayo,1610612748,MIA,28.0,73,37,36,0.507,32.4,6.9,15.7,0.442,1.7,5.5,0.318,4.5,5.8,0.778,10.0,3.2,1.6,1.2,0.7,37,122,337,20.1,331,1,9,1.04,2.33,-0.0,0.4,0.79
1642879,Ben Saraf,1610612751,BKN,20.0,44,10,34,0.227,20.8,2.7,6.9,0.396,0.4,2.0,0.211,1.7,2.0,0.83,2.1,3.3,2.2,0.9,0.2,48,81,70,7.5,-237,1,1,-1.15,-1.25,0.05,-0.79,-0.11
1641767,Ben Sheppard,1610612754,IND,24.0,65,16,49,0.246,21.4,2.6,6.0,0.434,1.3,3.6,0.362,0.6,0.8,0.765,3.0,1.8,0.6,0.6,0.1,25,114,44,7.1,-268,1,3,-1.22,-0.84,-0.76,-1.03,-1.01
1631097,Bennedict Mathurin,1610612746,LAC,23.0,54,22,32,0.407,30.0,5.4,12.5,0.43,1.4,4.4,0.315,5.4,6.2,0.869,5.4,2.4,2.2,0.8,0.2,32,137,239,17.6,-146,2,4,0.6,0.25,-0.44,-0.79,-0.41
1641731,Bilal Coulibaly,1610612764,WAS,21.0,56,14,42,0.25,26.2,4.1,9.7,0.425,1.2,3.6,0.319,2.4,3.2,0.746,4.3,2.6,1.4,1.3,1.0,31,130,132,11.7,-414,1,3,-0.42,-0.25,-0.33,1.12,1.09
1626171,Bobby Portis,1610612749,MIL,31.0,67,26,41,0.388,24.2,5.5,11.2,0.488,2.0,4.4,0.456,0.7,1.0,0.706,6.4,1.6,1.0,0.6,0.2,22,110,68,13.7,-266,1,11,-0.08,0.7,-0.87,-0.79,-1.01
1641764,Brandin Podziemski,1610612744,GSW,23.0,82,37,45,0.451,28.4,4.8,10.6,0.455,1.9,5.0,0.371,2.3,2.9,0.797,5.1,3.7,1.6,1.1,0.2,29,136,230,13.8,15,1,3,-0.06,0.11,0.27,-0.79,0.49
1627742,Brandon Ingram,1610612761,TOR,28.0,77,43,34,0.558,33.8,8.0,16.7,0.477,1.8,4.6,0.382,3.8,4.6,0.82,5.6,3.7,2.4,0.8,0.7,69,148,277,21.5,43,1,10,1.28,0.34,0.27,0.4,-0.41
1641706,Brandon Miller,1610612766,CHA,23.0,65,41,24,0.631,30.3,7.0,16.1,0.435,3.1,8.2,0.383,3.1,3.4,0.892,4.9,3.3,2.5,1.0,0.7,31,180,174,20.2,372,1,3,1.06,0.02,0.05,0.4,0.19
1630314,Brandon Williams,1610612742,DAL,26.0,66,23,43,0.348,22.2,4.4,9.3,0.472,0.5,2.3,0.232,3.7,4.6,0.793,2.9,3.9,1.9,0.9,0.3,55,103,237,13.0,-143,1,5,-0.2,-0.88,0.37,-0.55,-0.11
1641729,Brice Sensabaugh,1610612762,UTA,22.0,75,18,57,0.24,23.5,5.3,11.4,0.46,2.2,5.9,0.367,2.2,2.7,0.826,3.1,1.9,1.7,0.7,0.2,49,143,153,14.9,-379,1,3,0.13,-0.79,-0.71,-0.79,-0.71
201572,Brook Lopez,1610612746,LAC,38.0,75,41,34,0.547,21.8,3.1,7.2,0.428,1.5,4.2,0.36,0.7,1.0,0.757,3.6,1.3,0.8,0.6,1.2,19,154,94,8.5,42,1,18,-0.98,-0.57,-1.03,1.59,-1.01
1628971,Bruce Brown,1610612743,DEN,29.0,82,54,28,0.659,24.4,3.0,6.4,0.475,0.7,1.8,0.385,1.2,1.5,0.762,3.9,2.1,1.1,1.0,0.2,42,195,97,7.9,-76,1,8,-1.09,-0.43,-0.6,-0.79,0.19
1631121,Bryce McGowens,1610612740,NOP,23.0,42,14,28,0.333,21.0,2.7,5.6,0.481,0.9,2.2,0.409,1.8,2.3,0.779,2.1,1.5,0.4,0.6,0.2,21,88,85,8.1,-70,1,4,-1.05,-1.25,-0.92,-0.79,-1.01
1642267,Bub Carrington,1610612764,WAS,20.0,82,17,65,0.207,27.7,3.8,9.0,0.424,2.1,5.0,0.408,1.0,1.4,0.73,3.4,4.6,2.3,0.6,0.2,20,184,112,10.7,-746,1,2,-0.6,-0.66,0.75,-0.79,-1.01
203468,CJ McCollum,1610612737,ATL,34.0,76,37,39,0.487,29.8,6.9,15.2,0.455,2.5,6.7,0.375,2.4,3.1,0.772,3.3,3.9,1.8,0.8,0.5,45,144,169,18.7,92,2,13,0.8,-0.7,0.37,-0.07,-0.41
1630595,Cade Cunningham,1610612765,DET,24.0,64,47,17,0.734,33.9,8.6,18.6,0.461,2.0,5.7,0.342,4.8,6.0,0.812,5.5,9.9,3.7,1.4,0.8,70,196,297,23.9,518,1,5,1.7,0.29,3.61,0.64,1.39
1631126,Caleb Love,1610612757,POR,24.0,49,24,25,0.49,20.7,3.9,10.0,0.388,1.9,6.0,0.318,0.7,1.0,0.735,2.3,2.5,1.3,0.6,0.1,34,48,36,10.4,-127,1,1,-0.65,-1.16,-0.38,-1.03,-1.01
1642285,Cam Spencer,1610612763,MEM,26.0,72,23,49,0.319,23.8,3.7,7.7,0.473,2.0,4.5,0.449,1.8,1.9,0.94,2.5,5.6,1.3,0.7,0.2,17,103,94,11.1,-89,1,2,-0.53,-1.07,1.29,-0.79,-0.71
1630560,Cam Thomas,1610612749,MIL,24.0,42,12,30,0.286,21.0,4.5,11.0,0.41,1.2,4.0,0.31,3.3,4.0,0.811,1.7,2.6,1.8,0.2,0.1,28,43,149,13.5,-213,2,5,-0.11,-1.43,-0.33,-1.03,-2.2
1629661,Cameron Johnson,1610612743,DEN,30.0,54,37,17,0.685,30.5,4.2,8.8,0.48,2.0,4.7,0.43,1.7,2.1,0.839,3.8,2.4,0.9,0.7,0.4,27,125,87,12.2,343,1,7,-0.34,-0.48,-0.44,-0.31,-0.71
1641717,Cason Wallace,1610612760,OKC,22.0,77,61,16,0.792,26.6,3.3,7.6,0.432,1.3,3.7,0.351,0.7,0.9,0.809,3.1,2.6,0.9,1.9,0.4,40,154,63,8.6,532,1,3,-0.96,-0.79,-0.33,-0.31,2.88
1642907,Cedric Coward,1610612763,MEM,22.0,62,20,42,0.323,25.8,4.9,10.5,0.471,1.5,4.4,0.338,2.3,2.7,0.843,5.9,2.8,1.7,0.6,0.4,46,126,133,13.6,23,1,1,-0.09,0.48,-0.22,-0.31,-1.01
1631096,Chet Holmgren,1610612760,OKC,24.0,69,56,13,0.812,28.9,6.3,11.3,0.557,1.3,3.5,0.362,3.3,4.1,0.792,8.9,1.7,1.6,0.6,1.9,52,158,260,17.1,678,1,4,0.52,1.84,-0.81,3.26,-1.01
1631128,Christian Braun,1610612743,DEN,25.0,44,29,15,0.659,31.8,4.6,8.8,0.519,1.0,3.2,0.301,1.8,2.3,0.782,4.8,2.7,1.0,0.7,0.3,31,103,74,12.0,291,1,4,-0.37,-0.02,-0.27,-0.55,-0.71
1629632,Coby White,1610612766,CHA,26.0,50,29,21,0.58,25.0,5.6,12.5,0.446,2.3,6.4,0.362,3.9,4.8,0.817,3.4,4.0,2.6,0.5,0.1,35,111,185,17.4,94,2,7,0.57,-0.66,0.43,-1.03,-1.3
1642262,Cody Williams,1610612762,UTA,21.0,67,16,51,0.239,24.3,3.6,7.6,0.468,0.4,2.0,0.214,1.3,1.8,0.706,3.0,2.0,1.1,0.8,0.4,44,122,84,8.8,-393,1,2,-0.93,-0.84,-0.65,-0.31,-0.41
1631221,Collin Gillespie,1610612756,PHX,26.0,80,43,37,0.538,28.5,4.4,10.5,0.418,2.9,7.2,0.401,1.0,1.1,0.874,4.1,4.6,1.6,1.2,0.2,30,130,138,12.6,200,1,4,-0.27,-0.34,0.75,-0.79,0.79
1642867,Collin Murray-Boyles,1610612761,TOR,21.0,57,31,26,0.544,21.9,3.5,6.0,0.579,0.3,0.9,0.34,1.2,1.9,0.657,5.0,1.9,1.0,0.9,0.9,27,147,84,8.5,47,1,1,-0.98,0.07,-0.71,0.88,-0.11
1629012,Collin Sexton,1610612741,CHI,27.0,68,25,43,0.368,23.7,5.3,10.9,0.485,1.6,4.1,0.401,3.2,3.8,0.855,2.3,3.3,2.1,1.1,0.1,58,144,230,15.4,-118,2,8,0.22,-1.16,0.05,-1.03,0.49
1642843,Cooper Flagg,1610612742,DAL,19.0,70,22,48,0.314,33.5,8.0,17.1,0.468,1.0,3.5,0.295,4.0,4.9,0.827,6.7,4.5,2.3,1.2,0.9,80,142,289,21.0,-266,1,1,1.2,0.84,0.7,0.88,0.79
1631342,Daeqwon Plowden,1610612758,SAC,27.0,32,9,23,0.281,26.4,3.8,8.7,0.43,1.9,5.8,0.333,1.3,1.5,0.857,3.0,1.3,0.8,0.7,0.2,12,78,42,10.8,-205,1,2,-0.58,-0.84,-1.03,-0.79,-0.71
1629655,Daniel Gafford,1610612742,DAL,27.0,55,12,43,0.218,21.7,3.8,5.7,0.655,0.0,0.0,0.0,2.0,2.9,0.683,6.9,1.1,1.1,0.8,1.3,41,144,149,9.5,-188,1,7,-0.81,0.93,-1.14,1.83,-0.41
1642450,Daniss Jenkins,1610612765,DET,24.0,72,54,18,0.75,20.2,3.2,7.9,0.408,1.0,2.7,0.374,1.9,2.2,0.832,2.3,3.9,1.6,0.9,0.2,51,107,146,9.3,209,1,2,-0.84,-1.16,0.37,-0.79,-0.11
1642874,Danny Wolf,1610612751,BKN,22.0,57,14,43,0.246,20.8,3.1,7.7,0.405,1.2,3.7,0.322,1.5,1.9,0.771,4.9,2.2,1.3,0.5,0.6,32,126,72,8.9,-231,1,1,-0.91,0.02,-0.54,0.16,-1.3
1629636,Darius Garland,1610612746,LAC,26.0,45,26,19,0.578,29.9,6.9,14.9,0.46,2.7,6.8,0.396,2.3,2.7,0.861,2.4,6.7,2.9,1.0,0.2,28,84,116,18.8,84,2,7,0.81,-1.11,1.88,-0.79,0.19
1630558,Davion Mitchell,1610612748,MIA,27.0,70,37,33,0.529,28.6,3.7,7.6,0.49,1.3,3.3,0.395,0.6,0.9,0.646,2.7,6.5,1.5,1.0,0.2,22,181,85,9.3,202,1,5,-0.84,-0.97,1.78,-0.79,0.19
1628368,De'Aaron Fox,1610612759,SAS,28.0,72,55,17,0.764,31.0,7.1,14.5,0.486,1.8,5.5,0.332,2.6,3.4,0.76,3.8,6.2,2.3,1.2,0.3,54,162,190,18.6,452,1,9,0.78,-0.48,1.61,-0.55,0.79
1629631,De'Andre Hunter,1610612758,SAC,28.0,45,24,21,0.533,26.1,4.6,11.1,0.415,1.7,5.5,0.305,2.8,3.2,0.867,4.1,2.0,1.7,0.7,0.1,19,112,138,13.7,-21,2,7,-0.08,-0.34,-0.65,-1.03,-0.71
1629001,De'Anthony Melton,1610612744,GSW,28.0,49,22,27,0.449,23.0,4.4,10.8,0.407,1.5,5.0,0.294,2.0,2.5,0.826,3.2,2.6,1.9,1.6,0.4,31,91,94,12.3,95,1,8,-0.32,-0.75,-0.33,-0.31,1.98
201942,DeMar DeRozan,1610612758,SAC,36.0,77,20,57,0.26,31.2,6.5,13.1,0.497,0.6,1.9,0.32,4.9,5.6,0.868,2.9,4.1,1.2,1.0,0.3,38,149,308,18.4,-588,1,17,0.74,-0.88,0.48,-0.55,0.19
1629731,Dean Wade,1610612739,CLE,29.0,59,36,23,0.61,22.3,2.1,4.7,0.439,1.2,3.3,0.362,0.5,0.6,0.711,4.2,1.5,0.3,0.7,0.4,11,90,44,5.8,151,1,7,-1.45,-0.29,-0.92,-0.31,-0.71
1629028,Deandre Ayton,1610612747,LAL,27.0,72,46,26,0.639,27.2,5.6,8.3,0.671,0.0,0.0,0.0,1.3,2.0,0.645,8.0,0.8,1.2,0.6,1.0,27,157,117,12.5,-8,1,8,-0.28,1.43,-1.3,1.12,-1.01
1630166,Deni Avdija,1610612757,POR,25.0,66,35,31,0.53,33.3,7.5,16.1,0.462,1.9,6.0,0.318,7.4,9.2,0.802,6.9,6.7,3.8,0.8,0.6,79,168,433,24.2,16,1,6,1.75,0.93,1.88,0.16,-0.41
203471,Dennis Schröder,1610612739,CLE,32.0,70,29,41,0.414,24.2,3.6,9.0,0.405,1.1,3.3,0.329,2.4,2.9,0.834,2.7,4.9,1.8,0.8,0.2,45,109,171,10.8,-235,2,13,-0.58,-0.97,0.91,-0.79,-0.41
1642852,Derik Queen,1610612740,NOP,21.0,81,26,55,0.321,25.0,4.4,9.2,0.473,0.3,1.1,0.261,2.7,3.4,0.795,7.1,3.7,2.3,1.0,0.9,61,215,220,11.7,-304,1,1,-0.42,1.02,0.27,0.88,0.19
1627884,Derrick Jones Jr.,1610612746,LAC,29.0,50,26,24,0.52,27.0,3.8,7.6,0.499,1.1,3.1,0.359,1.4,1.9,0.763,3.5,1.4,0.8,0.9,1.0,20,104,90,10.1,130,1,10,-0.7,-0.61,-0.97,1.12,-0.11
1628401,Derrick White,1610612738,BOS,31.0,77,52,25,0.675,34.1,5.7,14.4,0.394,2.7,8.3,0.327,2.4,2.6,0.902,4.4,5.4,1.7,1.1,1.3,34,119,215,16.5,598,1,9,0.41,-0.2,1.18,1.83,0.49
1630217,Desmond Bane,1610612753,ORL,27.0,82,45,37,0.549,33.6,7.1,14.7,0.484,2.0,5.2,0.391,3.8,4.2,0.908,4.1,4.1,2.0,1.0,0.5,82,252,230,20.1,135,1,6,1.04,-0.34,0.48,-0.07,0.19
1626164,Devin Booker,1610612756,PHX,29.0,64,37,27,0.578,33.5,8.5,18.7,0.456,1.9,5.8,0.33,7.1,8.1,0.873,3.9,6.0,3.1,0.8,0.3,63,168,430,26.1,201,1,11,2.08,-0.43,1.51,-0.55,-0.41
1630170,Devin Vassell,1610612759,SAS,25.0,67,52,15,0.776,30.5,4.9,11.3,0.437,2.5,6.4,0.384,1.6,1.9,0.815,4.0,2.5,0.9,0.9,0.4,18,106,91,13.9,492,1,6,-0.04,-0.39,-0.38,-0.31,-0.11
1628415,Dillon Brooks,1610612756,PHX,30.0,56,32,24,0.571,30.4,7.4,17.1,0.435,2.3,6.6,0.344,3.0,3.6,0.842,3.6,1.8,1.8,1.0,0.2,29,183,187,20.2,-49,1,9,1.06,-0.57,-0.76,-0.79,0.19
1631230,Dominick Barlow,1610612755,PHI,23.0,71,40,31,0.563,23.8,3.0,5.6,0.539,0.3,1.2,0.256,1.3,1.8,0.718,4.8,1.2,0.8,0.9,0.7,26,150,107,7.7,27,1,4,-1.12,-0.02,-1.08,0.4,-0.11
1642270,Donovan Clingan,1610612757,POR,22.0,77,41,36,0.532,27.2,4.6,8.9,0.52,1.1,3.2,0.341,1.8,2.6,0.68,11.6,2.1,1.2,0.6,1.7,41,182,175,12.1,14,1,2,-0.35,3.06,-0.6,2.78,-1.01
1628378,Donovan Mitchell,1610612739,CLE,29.0,70,45,25,0.643,33.5,9.7,20.0,0.483,3.2,8.8,0.364,5.3,6.1,0.865,4.5,5.7,2.8,1.5,0.3,47,163,323,27.9,370,1,9,2.4,-0.16,1.34,-0.55,1.69
1628978,Donte DiVincenzo,1610612750,MIN,29.0,82,49,33,0.598,30.4,4.1,10.2,0.406,3.0,7.9,0.379,1.0,1.3,0.743,4.1,3.8,1.4,1.3,0.4,15,197,121,12.2,337,1,8,-0.34,-0.34,0.32,-0.31,1.09
1642962,Drake Powell,1610612751,BKN,20.0,63,16,47,0.254,20.9,2.3,5.7,0.402,0.8,2.9,0.28,1.1,1.2,0.896,1.8,1.4,1.0,0.6,0.2,26,89,50,6.5,-447,1,1,-1.33,-1.38,-0.97,-0.79,-1.01
203110,Draymond Green,1610612744,GSW,36.0,68,31,37,0.456,27.5,3.0,7.2,0.418,1.5,4.6,0.326,0.9,1.2,0.702,5.5,5.5,2.7,0.9,0.6,16,197,112,8.4,-134,1,14,-1.0,0.29,1.24,0.16,-0.11
1629130,Duncan Robinson,1610612765,DET,32.0,77,58,19,0.753,27.4,4.1,9.1,0.456,2.9,7.0,0.41,1.1,1.4,0.755,2.7,2.1,0.7,0.6,0.3,16,168,115,12.2,536,1,8,-0.34,-0.97,-0.6,-0.55,-1.01
1642928,Dylan Cardwell,1610612758,SAC,24.0,44,13,31,0.295,20.6,2.4,4.1,0.587,0.0,0.1,0.5,0.6,1.2,0.51,7.5,1.4,0.9,0.7,1.5,19,161,51,5.4,-66,1,1,-1.52,1.2,-0.97,2.31,-0.71
1642844,Dylan Harper,1610612759,SAS,20.0,69,53,16,0.768,22.6,4.8,9.5,0.505,0.9,2.6,0.343,1.3,1.7,0.756,3.4,3.9,1.4,0.8,0.3,55,139,94,11.8,303,1,1,-0.41,-0.66,0.37,-0.55,-0.41
1630700,Dyson Daniels,1610612737,ATL,23.0,76,44,32,0.579,33.2,5.3,10.2,0.517,0.3,1.5,0.188,1.0,1.6,0.615,6.8,5.9,1.8,2.0,0.4,42,166,131,11.9,306,1,5,-0.39,0.88,1.45,-0.31,3.18
1642856,Egor Dëmin,1610612751,BKN,20.0,52,14,38,0.269,25.2,3.4,8.6,0.399,2.4,6.2,0.385,1.0,1.2,0.831,3.2,3.3,1.7,0.8,0.3,16,93,61,10.3,-161,1,1,-0.67,-0.75,0.05,-0.55,-0.41
1630679,Ethan Thompson,1610612754,IND,27.0,32,8,24,0.25,20.4,2.3,6.1,0.378,1.2,3.6,0.328,1.2,1.5,0.787,2.2,1.8,0.8,0.6,0.3,13,69,45,7.0,1,1,2,-1.24,-1.2,-0.76,-0.55,-1.01
1630596,Evan Mobley,1610612739,CLE,24.0,65,40,25,0.615,31.9,7.2,13.2,0.546,1.0,3.2,0.297,2.8,4.6,0.606,9.0,3.6,1.9,0.7,1.7,48,159,228,18.2,224,1,5,0.71,1.88,0.21,2.78,-0.71
1630532,Franz Wagner,1610612753,ORL,24.0,34,20,14,0.588,30.0,7.2,14.9,0.481,1.4,4.1,0.345,4.8,5.8,0.823,5.2,3.3,1.7,0.9,0.3,35,72,153,20.6,80,1,5,1.13,0.16,0.05,-0.55,-0.11
1641713,GG Jackson,1610612763,MEM,21.0,55,16,39,0.291,21.4,4.6,9.3,0.496,1.2,3.5,0.332,2.0,2.7,0.742,4.3,1.5,1.5,0.6,0.8,35,75,105,12.5,-85,1,3,-0.28,-0.25,-0.92,0.64,-1.01
1629018,Gary Trent Jr.,1610612749,MIL,27.0,65,24,41,0.369,21.2,2.8,7.3,0.387,1.9,5.3,0.36,0.6,0.8,0.769,1.0,1.2,0.6,0.5,0.0,15,85,47,8.1,-348,1,8,-1.05,-1.74,-1.08,-1.27,-1.3
203507,Giannis Antetokounmpo,1610612749,MIL,31.0,36,17,19,0.472,28.9,10.4,16.6,0.624,0.4,1.2,0.333,6.4,9.9,0.65,9.8,5.4,3.2,0.9,0.7,35,86,290,27.6,96,1,13,2.35,2.24,1.18,0.4,-0.11
1628960,Grayson Allen,1610612756,PHX,30.0,51,26,25,0.51,28.8,5.3,13.1,0.403,3.1,8.9,0.349,2.8,3.3,0.857,3.0,3.8,1.6,1.4,0.3,30,117,154,16.5,18,1,8,0.41,-0.84,0.32,-0.55,1.39
1630611,Gui Santos,1610612744,GSW,23.0,68,29,39,0.426,20.5,3.4,6.8,0.5,1.1,3.3,0.351,1.3,1.8,0.725,3.9,2.3,1.5,0.9,0.3,32,142,119,9.2,35,1,3,-0.86,-0.43,-0.49,-0.55,-0.11
203084,Harrison Barnes,1610612759,SAS,34.0,77,57,20,0.74,25.8,3.4,7.5,0.456,1.8,4.6,0.388,1.3,1.6,0.829,2.8,1.9,0.8,0.6,0.2,21,85,103,9.9,329,1,14,-0.74,-0.93,-0.71,-0.79,-1.01
1630529,Herbert Jones,1610612740,NOP,27.0,56,22,34,0.393,28.4,3.3,8.5,0.383,1.4,4.6,0.309,0.9,1.1,0.806,3.4,2.8,1.3,1.6,0.5,27,177,65,8.9,-49,1,5,-0.91,-0.66,-0.22,-0.07,1.98
1630193,Immanuel Quickley,1610612761,TOR,26.0,70,41,29,0.586,31.9,5.7,12.9,0.443,2.5,6.8,0.374,2.4,3.0,0.821,4.0,5.9,1.5,1.3,0.1,42,141,186,16.4,117,1,6,0.39,-0.39,1.45,-1.03,1.09
1630171,Isaac Okoro,1610612741,CHI,25.0,63,26,37,0.413,26.9,3.3,7.3,0.46,1.2,3.5,0.33,1.4,1.8,0.795,2.7,1.6,0.7,0.7,0.5,28,162,107,9.3,-335,1,6,-0.84,-0.97,-0.87,-0.07,-0.71
1642268,Isaiah Collier,1610612762,UTA,21.0,59,16,43,0.271,25.7,4.3,8.7,0.495,0.5,1.7,0.27,2.6,3.5,0.722,2.5,7.2,2.5,1.1,0.3,55,138,153,11.7,-443,1,2,-0.42,-1.07,2.15,-0.55,0.49
1628392,Isaiah Hartenstein,1610612760,OKC,28.0,47,39,8,0.83,24.2,3.9,6.3,0.622,0.0,0.1,0.0,1.4,2.2,0.61,9.4,3.5,1.7,1.0,0.8,17,118,97,9.2,365,1,8,-0.86,2.06,0.16,0.64,0.19
1630198,Isaiah Joe,1610612760,OKC,26.0,71,56,15,0.789,21.2,3.5,7.6,0.455,2.5,6.0,0.423,1.5,1.7,0.894,2.5,1.3,0.6,0.7,0.2,17,121,133,11.1,356,1,6,-0.53,-1.07,-1.03,-0.79,-0.71
1630191,Isaiah Stewart,1610612765,DET,25.0,58,42,16,0.724,22.7,3.8,6.9,0.55,0.7,2.1,0.333,1.7,2.3,0.756,5.0,1.1,1.2,0.3,1.6,23,166,122,10.0,39,1,6,-0.72,0.07,-1.14,2.55,-1.9
1627826,Ivica Zubac,1610612754,IND,29.0,48,17,31,0.354,30.1,6.0,10.0,0.598,0.0,0.0,0.0,2.1,3.0,0.711,10.6,2.2,1.8,0.4,0.8,35,112,147,14.1,-46,2,10,-0.01,2.61,-0.54,0.64,-1.6
1642266,Ja'Kobe Walter,1610612761,TOR,21.0,72,41,31,0.569,20.5,2.5,5.6,0.446,1.5,3.7,0.409,1.0,1.2,0.789,2.6,1.2,0.5,1.0,0.2,20,162,82,7.5,1,1,2,-1.15,-1.02,-1.08,-0.79,0.19
1631095,Jabari Smith Jr.,1610612745,HOU,23.0,77,48,29,0.623,35.1,5.7,12.7,0.449,2.3,6.3,0.363,2.1,2.7,0.775,6.9,1.9,1.4,0.7,0.9,54,192,161,15.8,265,1,4,0.29,0.93,-0.71,0.88,-0.71
1630183,Jaden McDaniels,1610612750,MIN,25.0,73,44,29,0.603,31.7,5.7,11.1,0.515,1.4,3.4,0.412,2.0,2.4,0.835,4.2,2.7,1.8,1.1,1.0,42,244,154,14.8,120,1,6,0.12,-0.29,-0.27,1.12,0.49
1642942,Jahmai Mashack,1610612763,MEM,23.0,31,10,21,0.323,21.7,2.5,6.3,0.395,0.6,2.4,0.253,0.6,1.1,0.543,2.6,2.2,1.6,1.2,0.5,10,67,35,6.2,-210,1,1,-1.38,-1.02,-0.54,-0.07,0.79
1631170,Jaime Jaquez Jr.,1610612748,MIA,25.0,75,41,34,0.547,28.3,6.2,12.2,0.507,0.8,2.4,0.317,2.2,2.9,0.769,5.0,4.7,2.0,0.7,0.3,72,137,163,15.4,144,1,3,0.22,0.07,0.81,-0.55,-0.71
1631222,Jake LaRavia,1610612747,LAL,24.0,82,53,29,0.646,25.1,2.9,6.4,0.459,1.0,3.0,0.321,1.4,1.9,0.763,4.0,1.8,1.1,1.3,0.5,28,196,120,8.2,-5,1,4,-1.03,-0.39,-0.76,-0.07,1.09
1627751,Jakob Poeltl,1610612761,TOR,30.0,46,26,20,0.565,25.0,4.7,6.7,0.7,0.0,0.0,0.0,1.3,2.1,0.602,7.0,2.0,1.2,0.9,0.7,12,145,92,10.7,48,1,10,-0.6,0.97,-0.65,0.4,-0.11
1628973,Jalen Brunson,1610612752,NYK,29.0,74,50,24,0.676,35.0,9.3,19.9,0.467,2.6,7.1,0.369,4.8,5.7,0.841,3.3,6.8,2.4,0.8,0.1,50,170,379,26.0,353,1,8,2.07,-0.7,1.94,-1.03,-0.41
1631105,Jalen Duren,1610612765,DET,22.0,70,50,20,0.714,28.2,7.5,11.5,0.65,0.0,0.0,0.0,4.6,6.1,0.747,10.5,2.0,1.9,0.8,0.8,82,195,301,19.5,480,1,4,0.93,2.56,-0.65,0.64,-0.41
1630224,Jalen Green,1610612756,PHX,24.0,32,17,15,0.531,25.9,6.8,16.0,0.422,2.2,7.1,0.313,2.0,2.7,0.747,3.6,2.8,2.2,1.1,0.2,36,42,82,17.8,33,1,5,0.64,-0.57,-0.22,-0.79,0.49
1630552,Jalen Johnson,1610612737,ATL,24.0,72,42,30,0.583,35.2,8.3,17.1,0.489,1.7,4.7,0.352,4.2,5.3,0.788,10.3,7.9,3.4,1.2,0.4,87,151,265,22.5,187,1,5,1.46,2.47,2.53,-0.31,0.79
1630188,Jalen Smith,1610612741,CHI,26.0,53,26,27,0.491,20.7,3.7,7.6,0.483,1.5,4.2,0.373,1.3,1.8,0.742,6.7,1.2,1.0,0.5,0.8,19,111,97,10.2,86,1,6,-0.68,0.84,-1.08,0.64,-1.3
1630591,Jalen Suggs,1610612753,ORL,25.0,57,34,23,0.596,27.6,4.9,11.4,0.435,2.1,6.3,0.339,1.8,2.1,0.855,3.9,5.5,2.7,1.8,0.7,24,145,130,13.8,181,1,5,-0.06,-0.43,1.24,0.4,2.58
1631114,Jalen Williams,1610612760,OKC,25.0,33,25,8,0.758,28.4,6.5,13.5,0.484,0.7,2.3,0.299,3.3,3.9,0.837,4.6,5.5,1.9,1.2,0.3,22,65,102,17.1,229,1,4,0.52,-0.11,1.24,-0.55,0.79
1627750,Jamal Murray,1610612743,DEN,29.0,75,48,27,0.64,35.4,8.8,18.1,0.483,3.3,7.5,0.435,4.6,5.2,0.887,4.4,7.1,2.3,0.9,0.4,57,131,302,25.4,433,1,10,1.96,-0.2,2.1,-0.31,-0.11
1642347,Jamal Shead,1610612761,TOR,23.0,82,46,36,0.561,22.6,2.3,6.1,0.367,1.0,3.2,0.321,1.1,1.4,0.784,1.7,5.4,1.4,0.9,0.2,32,162,164,6.6,231,1,2,-1.31,-1.43,1.18,-0.79,-0.11
201935,James Harden,1610612739,CLE,36.0,70,40,30,0.571,34.8,7.0,16.0,0.434,3.1,8.2,0.375,6.6,7.5,0.884,4.8,8.0,3.5,1.1,0.4,80,137,324,23.6,99,2,17,1.65,-0.02,2.59,-0.31,0.49
1642364,Jamir Watkins,1610612764,WAS,24.0,50,10,40,0.2,20.6,2.6,5.9,0.446,0.9,3.2,0.297,1.1,1.6,0.695,3.9,1.3,0.8,1.1,0.5,14,129,77,7.4,-164,1,1,-1.17,-0.43,-1.03,-0.07,0.49
1641716,Jarace Walker,1610612754,IND,22.0,76,16,60,0.211,25.7,4.0,9.6,0.419,1.8,4.7,0.374,1.8,2.4,0.749,5.1,2.5,1.8,0.8,0.3,30,124,126,11.6,-459,1,3,-0.44,0.11,-0.38,-0.55,-0.41
1628991,Jaren Jackson Jr.,1610612762,UTA,26.0,48,19,29,0.396,30.3,7.1,15.0,0.476,1.8,4.9,0.357,3.4,4.2,0.803,5.7,2.0,2.2,1.1,1.4,54,179,190,19.4,-63,2,8,0.92,0.38,-0.65,2.07,0.49
1628386,Jarrett Allen,1610612739,CLE,28.0,56,37,19,0.661,27.1,6.0,9.4,0.638,0.0,0.2,0.1,3.3,4.7,0.709,8.5,1.8,1.3,1.0,0.8,35,95,223,15.4,213,1,9,0.22,1.65,-0.76,0.64,0.19
1642914,Javon Small,1610612763,MEM,23.0,41,13,28,0.317,20.2,3.3,7.0,0.465,1.5,3.5,0.423,1.7,2.0,0.829,3.1,3.7,1.4,0.8,0.2,29,65,59,9.7,-108,1,1,-0.77,-0.79,0.27,-0.79,-0.41
1630643,Jay Huff,1610612754,IND,28.0,82,19,63,0.232,21.0,3.5,7.5,0.476,1.5,4.5,0.319,1.0,1.2,0.828,4.0,1.5,0.9,0.5,1.9,20,196,107,9.5,-252,1,5,-0.81,-0.39,-0.92,3.26,-1.3
1627759,Jaylen Brown,1610612738,BOS,29.0,71,47,24,0.662,34.4,10.4,21.7,0.477,2.0,5.7,0.347,6.0,7.5,0.795,6.9,5.1,3.6,1.0,0.4,93,191,447,28.7,321,1,10,2.54,0.93,1.02,-0.31,0.19
1642377,Jaylen Wells,1610612763,MEM,22.0,69,24,45,0.348,26.4,4.4,10.1,0.431,1.9,5.3,0.353,1.9,2.5,0.784,3.2,1.6,1.1,0.9,0.1,34,148,182,12.5,-179,1,2,-0.28,-0.75,-0.87,-1.03,-0.11
1642281,Jaylon Tyson,1610612739,CLE,23.0,66,41,25,0.621,26.9,5.0,10.2,0.493,2.0,4.5,0.446,1.2,1.6,0.738,5.1,2.2,1.5,0.8,0.4,40,164,99,13.2,110,1,2,-0.16,0.11,-0.54,-0.31,-0.41
203924,Jerami Grant,1610612757,POR,32.0,57,27,30,0.474,29.7,5.8,12.8,0.453,2.4,6.1,0.389,4.6,5.6,0.814,3.5,2.1,2.1,0.7,0.6,56,142,223,18.6,-6,1,12,0.78,-0.61,-0.6,0.16,-0.71
1642847,Jeremiah Fears,1610612740,NOP,19.0,82,26,56,0.317,25.8,5.3,12.3,0.434,1.2,3.7,0.33,2.4,3.0,0.789,3.7,3.4,2.2,1.2,0.4,88,151,207,14.3,-287,1,1,0.03,-0.52,0.1,-0.31,0.79
202710,Jimmy Butler III,1610612744,GSW,36.0,38,23,15,0.605,31.1,6.3,12.2,0.519,0.8,2.2,0.376,6.5,7.6,0.864,5.6,4.9,1.6,1.4,0.2,29,46,210,20.0,185,1,15,1.02,0.34,0.91,-0.79,1.39
1629111,Jock Landale,1610612737,ATL,30.0,68,36,32,0.529,22.1,4.1,8.1,0.515,1.1,2.8,0.383,1.2,1.9,0.635,5.7,1.7,0.9,0.5,0.5,32,150,138,10.6,-55,2,5,-0.62,0.38,-0.81,-0.07,-1.3
203954,Joel Embiid,1610612755,PHI,32.0,38,24,14,0.632,31.6,9.0,18.3,0.489,1.4,4.2,0.333,7.5,8.8,0.854,7.7,3.9,2.9,0.6,1.2,39,82,231,26.9,155,1,12,2.22,1.29,0.37,1.59,-1.01
1628381,John Collins,1610612746,LAC,28.0,69,32,37,0.464,27.1,5.3,9.6,0.552,1.3,3.2,0.406,1.7,2.2,0.766,5.3,1.0,1.4,0.9,0.7,44,187,153,13.6,-38,1,9,-0.09,0.2,-1.19,0.4,-0.11
1630228,Jonathan Kuminga,1610612737,ATL,23.0,36,22,14,0.611,23.1,4.4,9.4,0.463,1.0,2.9,0.333,2.5,3.4,0.724,5.6,2.3,1.9,0.6,0.3,25,55,93,12.2,71,2,5,-0.34,0.34,-0.49,-0.55,-1.01
1630692,Jordan Goodwin,1610612756,PHX,27.0,70,39,31,0.557,22.5,3.3,7.9,0.413,1.6,4.3,0.371,0.6,0.8,0.696,4.9,2.2,1.0,1.5,0.2,31,133,68,8.7,93,1,5,-0.95,0.02,-0.54,-0.79,1.69
1641757,Jordan Miller,1610612746,LAC,26.0,60,36,24,0.6,22.1,3.5,6.6,0.531,0.6,1.8,0.345,2.3,2.9,0.777,3.0,2.3,1.0,0.8,0.2,46,62,119,10.0,-13,1,3,-0.72,-0.84,-0.49,-0.79,-0.41
1629673,Jordan Poole,1610612740,NOP,26.0,39,16,23,0.41,23.9,4.2,11.4,0.372,2.5,7.4,0.333,2.5,2.9,0.86,2.0,3.1,1.8,0.6,0.4,26,89,113,13.4,-144,1,7,-0.13,-1.29,-0.06,-0.31,-1.01
1630581,Josh Giddey,1610612741,CHI,23.0,54,21,33,0.389,32.1,5.9,13.3,0.448,1.9,5.2,0.364,3.2,4.2,0.763,8.3,9.1,3.6,1.0,0.5,44,90,157,17.0,-187,1,5,0.5,1.56,3.18,-0.07,0.19
1628404,Josh Hart,1610612752,NYK,31.0,66,44,22,0.667,30.2,4.6,9.0,0.508,1.5,3.7,0.413,1.4,1.9,0.72,7.4,4.8,1.9,1.1,0.3,37,165,136,12.0,210,1,9,-0.37,1.16,0.86,-0.55,0.49
201950,Jrue Holiday,1610612757,POR,36.0,53,28,25,0.528,29.4,6.0,13.4,0.451,2.6,6.8,0.378,1.7,2.0,0.838,4.6,6.1,2.8,1.0,0.1,38,78,92,16.3,197,1,17,0.38,-0.11,1.56,-1.03,0.19
1630577,Julian Champagnie,1610612759,SAS,24.0,82,62,20,0.756,27.6,3.7,8.4,0.437,2.4,6.2,0.381,1.4,1.6,0.844,5.8,1.5,0.8,0.8,0.5,11,131,81,11.1,592,1,4,-0.53,0.43,-0.92,-0.07,-0.41
203944,Julius Randle,1610612750,MIN,31.0,79,47,32,0.595,33.0,7.3,15.3,0.481,1.4,4.4,0.315,5.0,6.3,0.802,6.7,5.0,2.7,1.1,0.2,60,223,347,21.1,232,1,12,1.21,0.84,0.97,-0.79,0.49
1630551,Justin Champagnie,1610612764,WAS,24.0,69,13,56,0.188,20.0,3.4,6.7,0.502,0.8,2.4,0.319,1.2,1.5,0.784,5.6,1.2,0.7,0.9,0.6,47,114,83,8.7,-294,1,5,-0.95,0.34,-1.08,0.16,-0.11
203994,Jusuf Nurkić,1610612762,UTA,31.0,41,14,27,0.341,26.4,4.4,8.7,0.503,0.6,1.7,0.352,1.5,2.8,0.549,10.4,4.8,2.5,1.3,0.5,30,134,115,10.9,-187,1,12,-0.56,2.51,0.86,-0.07,1.09
1626157,Karl-Anthony Towns,1610612752,NYK,30.0,75,49,26,0.653,31.0,6.9,13.8,0.501,1.5,4.1,0.368,4.8,5.5,0.858,11.9,3.0,2.5,0.9,0.5,73,255,366,20.1,378,1,11,1.04,3.19,-0.11,-0.07,-0.11
202695,Kawhi Leonard,1610612746,LAC,34.0,65,37,28,0.569,32.1,9.8,19.4,0.505,2.6,6.8,0.387,5.7,6.4,0.892,6.4,3.6,2.0,1.9,0.4,34,78,330,27.9,340,1,15,2.4,0.7,0.21,-0.31,2.88
1642276,Kel'el Ware,1610612748,MIA,22.0,77,39,38,0.506,22.1,4.5,8.4,0.53,1.2,3.0,0.395,0.9,1.2,0.74,9.0,0.7,0.8,0.8,1.1,26,119,83,11.1,-66,1,2,-0.53,1.88,-1.35,1.36,-0.41
1629640,Keldon Johnson,1610612759,SAS,26.0,82,62,20,0.756,23.3,5.0,9.7,0.519,1.2,3.3,0.363,1.9,2.4,0.794,5.4,1.4,0.9,0.6,0.1,58,162,146,13.2,317,1,7,-0.16,0.25,-0.97,-1.03,-1.01
1626162,Kelly Oubre Jr.,1610612755,PHI,30.0,50,27,23,0.54,31.5,5.1,10.9,0.467,1.7,4.8,0.36,2.2,2.9,0.766,5.0,1.6,1.4,1.4,0.5,33,127,126,14.1,-66,1,11,-0.01,0.07,-0.87,-0.07,1.39
203484,Kentavious Caldwell-Pope,1610612763,MEM,33.0,51,20,31,0.392,21.3,2.9,7.2,0.41,1.1,3.4,0.316,1.4,1.6,0.913,2.5,2.7,1.2,0.8,0.2,12,57,68,8.4,-114,1,13,-1.0,-1.07,-0.27,-0.79,-0.41
1631165,Keon Ellis,1610612739,CLE,26.0,72,31,41,0.431,20.5,2.3,5.3,0.44,1.3,3.5,0.363,0.7,1.0,0.729,1.9,1.0,0.6,1.2,0.6,7,134,86,6.7,-144,2,4,-1.29,-1.34,-1.19,0.16,0.79
201142,Kevin Durant,1610612745,HOU,37.0,78,48,30,0.615,36.4,9.2,17.6,0.52,2.4,5.8,0.413,5.2,6.0,0.874,5.5,4.8,3.2,0.8,0.9,41,142,373,26.0,340,1,19,2.07,0.29,0.86,0.88,-0.41
1628989,Kevin Huerter,1610612765,DET,27.0,69,40,29,0.58,22.5,3.9,8.6,0.451,1.4,4.7,0.308,0.8,1.0,0.775,3.5,2.6,1.0,0.9,0.5,26,115,72,10.0,86,2,8,-0.72,-0.61,-0.33,-0.07,-0.11
1629645,Kevin Porter Jr.,1610612749,MIL,26.0,38,18,20,0.474,33.2,6.3,13.5,0.465,1.2,3.8,0.322,3.6,4.1,0.878,5.2,7.4,2.9,2.2,0.5,31,88,138,17.4,-107,1,7,0.57,0.16,2.26,-0.07,3.78
1641718,Keyonte George,1610612762,UTA,22.0,54,16,38,0.296,33.1,7.4,16.3,0.456,2.5,6.7,0.371,6.2,7.0,0.892,3.7,6.1,3.1,1.1,0.3,58,120,256,23.6,-335,1,3,1.65,-0.52,1.56,-0.55,0.49
203114,Khris Middleton,1610612742,DAL,34.0,63,18,45,0.286,22.8,3.6,8.6,0.42,1.1,3.0,0.36,1.9,2.2,0.875,3.7,2.8,1.7,0.7,0.1,25,144,111,10.2,-337,2,14,-0.68,-0.52,-0.22,-1.03,-0.71
202691,Klay Thompson,1610612742,DAL,36.0,69,21,48,0.304,21.7,4.1,10.6,0.393,2.9,7.6,0.383,0.5,0.7,0.766,2.1,1.4,0.9,0.5,0.3,10,70,27,11.7,-133,1,15,-0.42,-1.25,-0.97,-0.55,-1.3
1642851,Kon Knueppel,1610612766,CHA,20.0,81,44,37,0.543,31.5,6.4,13.4,0.475,3.4,7.9,0.425,2.4,2.8,0.863,5.3,3.4,2.0,0.7,0.2,51,169,190,18.5,322,1,1,0.76,0.2,0.1,-0.79,-0.71
1627739,Kris Dunn,1610612746,LAC,32.0,82,42,40,0.512,27.2,2.8,5.8,0.476,1.0,2.6,0.374,0.8,1.0,0.765,3.3,3.6,1.4,1.6,0.2,23,189,74,7.3,15,1,10,-1.19,-0.7,0.21,-0.79,1.98
1631200,Kris Murray,1610612757,POR,25.0,57,28,29,0.491,23.4,2.3,4.8,0.467,0.6,2.1,0.279,0.7,1.0,0.684,3.6,1.4,0.8,0.9,0.4,18,92,48,5.8,45,1,3,-1.45,-0.57,-0.97,-0.31,-0.11
204001,Kristaps Porziņģis,1610612744,GSW,30.0,32,13,19,0.406,24.0,5.4,12.1,0.446,1.7,5.0,0.338,4.2,4.9,0.842,5.2,2.5,1.3,0.6,1.2,14,92,138,16.7,45,2,11,0.45,0.16,-0.38,1.59,-1.01
1642271,Kyle Filipowski,1610612762,UTA,22.0,77,21,56,0.273,23.4,4.2,8.5,0.492,1.0,3.0,0.325,2.1,2.8,0.75,7.2,2.6,1.6,0.9,0.5,51,232,150,11.4,-256,1,2,-0.48,1.06,-0.33,-0.07,-0.11
1628398,Kyle Kuzma,1610612749,MIL,30.0,69,31,38,0.449,26.2,4.9,10.0,0.492,1.2,3.5,0.347,2.0,2.7,0.726,4.5,2.7,1.7,0.7,0.4,37,134,156,13.0,-283,1,9,-0.2,-0.16,-0.27,-0.31,-0.71
1642273,Kyshawn George,1610612764,WAS,22.0,48,10,38,0.208,29.0,5.3,12.0,0.438,2.1,5.4,0.381,2.2,2.7,0.802,5.1,4.5,2.6,1.0,0.9,37,169,127,14.8,-355,1,2,0.12,0.11,0.7,0.88,0.19
1630163,LaMelo Ball,1610612766,CHA,24.0,72,41,31,0.569,28.0,7.0,17.3,0.407,3.8,10.3,0.368,2.2,2.5,0.899,4.8,7.1,2.8,1.2,0.2,53,195,219,20.1,416,1,6,1.04,-0.02,2.1,-0.79,0.79
1629013,Landry Shamet,1610612752,NYK,29.0,51,35,16,0.686,23.0,3.1,7.1,0.437,2.0,5.2,0.392,1.1,1.5,0.711,1.8,1.4,0.6,0.6,0.2,18,77,81,9.3,191,1,8,-0.84,-1.38,-0.97,-0.79,-1.01
1628374,Lauri Markkanen,1610612762,UTA,29.0,42,17,25,0.405,34.3,9.1,19.2,0.477,2.7,7.7,0.355,5.7,6.4,0.896,6.9,2.1,1.5,1.0,0.5,46,77,231,26.7,-55,1,9,2.19,0.93,-0.6,-0.07,0.19
2544,LeBron James,1610612747,LAL,41.0,60,39,21,0.65,33.2,7.9,15.3,0.515,1.3,4.0,0.317,3.9,5.3,0.737,6.1,7.2,3.0,1.2,0.6,45,81,222,20.9,119,1,23,1.18,0.57,2.15,0.16,0.79
1628366,Lonzo Ball,1610612739,CLE,28.0,35,19,16,0.543,20.8,1.5,5.0,0.301,1.1,4.2,0.272,0.4,0.6,0.667,4.0,3.9,1.5,1.3,0.3,6,46,17,4.6,32,1,9,-1.66,-0.39,0.37,-0.55,1.09
1629652,Luguentz Dort,1610612760,OKC,27.0,69,53,16,0.768,26.8,2.9,7.6,0.385,1.9,5.4,0.344,0.6,0.8,0.759,3.6,1.2,0.8,0.9,0.4,14,179,101,8.3,294,1,7,-1.02,-0.57,-1.08,-0.31,-0.11
1629029,Luka Dončić,1610612747,LAL,27.0,64,43,21,0.672,35.8,10.8,22.8,0.476,4.0,10.8,0.366,7.9,10.1,0.78,7.7,8.3,4.0,1.6,0.5,28,153,464,33.5,187,1,8,3.37,1.29,2.75,-0.07,1.98
1628379,Luke Kennard,1610612747,LAL,29.0,78,45,33,0.577,21.5,3.0,5.7,0.533,1.5,3.1,0.478,0.8,0.9,0.913,2.3,2.2,0.8,0.7,0.1,18,101,52,8.4,41,2,9,-1.0,-1.16,-0.54,-1.03,-0.71
1628436,Luke Kornet,1610612759,SAS,30.0,68,52,16,0.765,21.0,2.6,4.0,0.643,0.0,0.0,0.0,1.4,1.7,0.825,6.1,1.9,0.4,0.5,1.0,18,120,125,6.5,118,1,9,-1.33,0.57,-0.71,1.12,-1.3
1628370,Malik Monk,1610612758,SAC,28.0,62,18,44,0.29,22.0,4.5,10.2,0.438,2.0,5.1,0.395,1.5,1.7,0.879,1.9,3.0,1.5,0.6,0.4,31,99,92,12.5,-255,1,9,-0.28,-1.34,-0.11,-0.31,-1.01
203935,Marcus Smart,1610612747,LAL,32.0,62,41,21,0.661,28.5,3.0,7.7,0.395,1.6,4.7,0.331,1.7,2.1,0.822,2.8,3.0,1.5,1.4,0.4,13,162,142,9.3,256,1,12,-0.84,-0.93,-0.11,-0.31,1.39
1631109,Mark Williams,1610612756,PHX,24.0,60,34,26,0.567,23.6,4.7,7.3,0.644,0.0,0.0,1.0,2.2,2.9,0.771,8.0,1.0,1.1,0.9,0.9,26,132,143,11.7,-42,1,4,-0.42,1.43,-1.19,0.88,-0.11
1628963,Marvin Bagley III,1610612742,DAL,27.0,60,16,44,0.267,20.0,4.2,6.8,0.618,0.4,0.9,0.462,1.6,2.4,0.66,6.1,1.4,1.0,0.5,0.7,30,123,120,10.4,-220,2,8,-0.65,0.57,-0.97,0.4,-1.3
1641824,Matas Buzelis,1610612741,CHI,21.0,77,28,49,0.364,29.2,5.8,12.5,0.463,2.2,6.4,0.349,2.4,3.1,0.786,5.8,2.1,2.1,0.7,1.5,57,177,199,16.3,-306,1,3,0.38,0.43,-0.6,2.31,-0.71
1631108,Max Christie,1610612742,DAL,23.0,77,24,53,0.312,29.1,4.2,9.4,0.441,2.3,5.8,0.404,1.6,1.8,0.899,3.2,2.0,1.2,0.6,0.4,41,98,118,12.3,-339,1,4,-0.32,-0.75,-0.65,-0.31,-1.01
1642875,Maxime Raynaud,1610612758,SAC,23.0,74,21,53,0.284,26.5,5.2,9.1,0.571,0.3,1.0,0.324,1.8,2.3,0.786,7.5,1.4,1.3,0.5,0.5,38,170,141,12.5,-461,1,1,-0.28,1.2,-0.97,-0.07,-1.3
1629008,Michael Porter Jr.,1610612751,BKN,27.0,52,14,38,0.269,32.5,8.5,18.4,0.463,3.4,9.3,0.363,3.8,4.4,0.859,7.1,3.0,2.3,1.1,0.2,38,116,182,24.2,-205,1,8,1.75,1.02,-0.11,-0.79,0.49
1628969,Mikal Bridges,1610612752,NYK,29.0,82,53,29,0.646,32.8,5.8,11.7,0.49,1.9,5.1,0.371,1.0,1.2,0.827,3.8,3.7,1.0,1.3,0.8,19,160,119,14.4,298,1,8,0.05,-0.48,0.27,0.64,1.09
1628970,Miles Bridges,1610612766,CHA,28.0,77,42,35,0.545,31.0,6.2,13.5,0.46,1.9,5.8,0.333,2.7,3.3,0.822,5.8,3.2,1.4,0.6,0.4,38,131,180,17.1,147,1,8,0.52,0.43,-0.0,-0.31,-1.01
1630540,Miles McBride,1610612752,NYK,25.0,41,25,16,0.61,26.3,4.2,9.9,0.423,2.7,6.6,0.413,0.9,1.1,0.787,2.4,2.6,0.8,0.9,0.2,11,70,41,12.0,224,1,5,-0.37,-1.11,-0.33,-0.79,-0.11
1630541,Moses Moody,1610612744,GSW,24.0,60,30,30,0.5,25.7,4.1,9.3,0.44,2.5,6.3,0.401,1.4,1.9,0.77,3.3,1.6,1.0,1.0,0.6,24,122,84,12.1,80,1,5,-0.35,-0.7,-0.87,0.16,0.19
1631217,Moussa Diabaté,1610612766,CHA,24.0,73,40,33,0.548,26.0,3.1,5.0,0.631,0.0,0.0,0.5,1.6,2.4,0.659,8.7,1.9,1.0,0.8,1.0,38,176,195,7.9,345,1,4,-1.09,1.74,-0.71,1.12,-0.41
1626167,Myles Turner,1610612749,MIL,30.0,71,30,41,0.423,26.9,4.0,9.1,0.44,2.1,5.4,0.383,1.8,2.5,0.74,5.3,1.5,1.2,0.7,1.6,32,185,158,11.9,-227,1,11,-0.39,0.2,-0.92,2.55,-0.71
1630230,Naji Marshall,1610612742,DAL,28.0,74,25,49,0.338,29.5,5.7,11.1,0.51,0.8,2.9,0.291,3.1,4.1,0.76,4.7,3.3,1.6,1.1,0.1,47,143,191,15.2,-218,1,6,0.19,-0.07,0.05,-1.03,0.49
1629675,Naz Reid,1610612750,MIN,26.0,77,46,31,0.597,26.1,5.2,11.3,0.456,2.1,5.8,0.362,1.2,1.6,0.732,6.2,2.2,1.6,1.0,1.0,40,195,116,13.6,169,1,7,-0.09,0.61,-0.54,1.12,0.19
1629674,Neemias Queta,1610612738,BOS,26.0,76,52,24,0.684,25.3,4.3,6.6,0.653,0.0,0.1,0.125,1.6,2.3,0.703,8.4,1.7,1.0,0.8,1.3,36,216,189,10.2,480,1,5,-0.68,1.61,-0.81,1.83,-0.41
1629651,Nic Claxton,1610612751,BKN,27.0,69,17,52,0.246,27.8,4.8,8.4,0.571,0.0,0.3,0.158,2.0,3.3,0.616,6.9,3.7,1.4,0.7,1.1,45,158,239,11.7,-515,1,7,-0.42,0.93,0.27,1.36,-0.71
1629638,Nickeil Alexander-Walker,1610612737,ATL,27.0,78,43,35,0.551,33.4,7.0,15.3,0.459,3.2,8.1,0.399,3.6,3.9,0.902,3.4,3.7,2.1,1.3,0.5,60,173,292,20.8,244,1,7,1.16,-0.66,0.27,-0.07,1.09
203999,Nikola Jokić,1610612743,DEN,31.0,65,43,22,0.662,34.8,9.9,17.4,0.569,1.7,4.5,0.38,6.1,7.4,0.831,12.9,10.7,3.7,1.4,0.8,50,173,433,27.7,555,1,11,2.36,3.65,4.04,0.64,1.39
202696,Nikola Vučević,1610612738,BOS,35.0,64,35,29,0.547,28.4,6.2,12.5,0.493,1.6,4.2,0.369,1.2,1.5,0.828,8.4,3.3,1.3,0.6,0.6,30,127,117,15.1,-42,2,15,0.17,1.61,0.05,0.16,-1.01
1642363,Nique Clifford,1610612758,SAC,24.0,75,21,54,0.28,25.1,3.3,7.9,0.418,1.0,3.1,0.333,0.9,1.3,0.722,3.8,2.4,1.5,0.9,0.3,39,156,74,8.6,-219,1,1,-0.96,-0.48,-0.44,-0.55,-0.11
1641730,Noah Clowney,1610612751,BKN,21.0,66,17,49,0.258,27.0,3.8,9.6,0.396,2.0,5.9,0.329,2.7,3.4,0.804,4.1,1.6,1.5,0.8,0.7,39,168,185,12.3,-329,1,3,-0.32,-0.34,-0.87,0.4,-0.41
1642849,Nolan Traore,1610612751,BKN,20.0,56,14,42,0.25,22.2,3.2,8.6,0.38,1.1,3.4,0.318,1.3,1.7,0.787,1.8,3.8,2.3,0.8,0.4,36,119,75,8.9,-280,1,1,-0.91,-1.38,0.32,-0.31,-0.41
1626181,Norman Powell,1610612748,MIA,33.0,58,29,29,0.5,29.6,7.3,15.4,0.47,2.7,7.1,0.38,4.5,5.5,0.827,3.5,2.5,1.9,1.1,0.2,51,127,225,21.7,38,1,11,1.32,-0.61,-0.38,-0.79,0.49
1628384,OG Anunoby,1610612752,NYK,28.0,67,45,22,0.672,33.2,5.8,12.0,0.484,2.3,6.1,0.386,2.7,3.3,0.828,5.2,2.2,1.8,1.6,0.7,54,164,157,16.7,407,1,9,0.45,0.16,-0.54,0.4,1.98
1630168,Onyeka Okongwu,1610612737,ATL,25.0,74,41,33,0.554,31.0,5.6,11.6,0.48,1.9,5.2,0.376,2.1,2.7,0.757,7.6,3.1,1.7,1.1,1.1,51,243,171,15.2,109,1,6,0.19,1.25,-0.06,1.36,0.49
1642345,Oso Ighodaro,1610612756,PHX,23.0,82,45,37,0.549,22.1,2.9,4.5,0.653,0.0,0.0,0.0,0.6,1.4,0.453,5.1,2.3,1.2,0.9,0.7,28,218,110,6.5,161,1,2,-1.33,0.11,-0.49,0.4,-0.11
1629023,P.J. Washington,1610612742,DAL,27.0,56,16,40,0.286,31.0,5.3,11.8,0.45,1.4,4.2,0.325,2.2,3.2,0.687,7.0,1.8,1.7,1.0,1.1,43,119,134,14.2,-277,1,7,0.01,0.97,-0.76,1.36,0.19
1631094,Paolo Banchero,1610612753,ORL,23.0,72,38,34,0.528,34.7,7.3,16.0,0.459,1.2,3.8,0.305,6.3,8.2,0.775,8.4,5.2,3.1,0.7,0.6,88,144,393,22.2,-3,1,4,1.4,1.61,1.08,0.16,-0.71
1627783,Pascal Siakam,1610612754,IND,32.0,62,17,45,0.274,33.2,9.0,18.6,0.484,1.7,4.7,0.358,4.2,6.1,0.693,6.6,3.8,2.2,1.1,0.4,48,147,319,24.0,-230,1,10,1.72,0.79,0.32,-0.31,0.49
1630172,Patrick Williams,1610612741,CHI,24.0,72,24,48,0.333,20.5,2.5,6.6,0.372,1.3,3.8,0.347,0.8,1.0,0.72,3.0,1.5,1.0,0.7,0.4,30,93,68,7.0,-345,1,6,-1.24,-0.84,-0.92,-0.31,-0.71
202331,Paul George,1610612755,PHI,36.0,37,22,15,0.595,30.7,6.1,13.9,0.439,2.7,6.9,0.392,2.5,3.0,0.82,5.3,3.6,1.7,1.7,0.4,17,84,96,17.3,89,1,16,0.55,0.2,0.21,-0.31,2.28
1630202,Payton Pritchard,1610612738,BOS,28.0,79,54,25,0.684,32.3,6.4,13.8,0.464,2.7,7.1,0.377,1.5,1.7,0.89,3.9,5.2,1.4,0.7,0.1,42,118,125,17.0,426,1,6,0.5,-0.43,1.08,-1.03,-0.71
1641796,Pelle Larsson,1610612748,MIA,25.0,70,38,32,0.543,26.4,4.0,8.0,0.496,0.9,2.7,0.323,2.6,3.3,0.797,3.5,3.4,1.4,0.7,0.2,35,148,223,11.4,80,1,2,-0.48,-0.61,0.1,-0.79,-0.71
1631212,Peyton Watson,1610612743,DEN,23.0,54,36,18,0.667,29.6,5.3,10.8,0.491,1.5,3.6,0.411,2.6,3.5,0.73,4.9,2.1,1.7,0.9,1.1,32,136,142,14.6,196,1,4,0.08,0.02,-0.6,1.36,-0.11
1630173,Precious Achiuwa,1610612758,SAC,26.0,73,20,53,0.274,23.9,4.3,8.2,0.528,0.4,1.3,0.278,1.1,1.9,0.554,6.7,1.4,0.9,0.9,0.7,43,123,107,10.1,-271,1,6,-0.7,0.84,-0.97,0.4,-0.11
1629656,Quentin Grimes,1610612755,PHI,26.0,75,42,33,0.56,29.4,4.5,10.1,0.45,1.7,5.1,0.334,2.7,3.2,0.84,3.6,3.3,1.8,0.9,0.4,31,155,198,13.4,8,1,5,-0.13,-0.57,0.05,-0.31,-0.11
1629628,RJ Barrett,1610612761,TOR,25.0,57,34,23,0.596,30.3,7.0,14.3,0.491,1.7,5.0,0.339,3.5,4.9,0.717,5.3,3.3,1.7,0.7,0.3,70,147,202,19.3,168,1,7,0.9,0.2,0.05,-0.55,-0.71
1642263,Reed Sheppard,1610612745,HOU,21.0,82,52,30,0.634,26.2,5.0,11.5,0.43,2.8,7.0,0.394,0.8,1.0,0.802,2.9,3.4,1.5,1.5,0.7,36,166,67,13.5,280,1,2,-0.11,-0.88,0.1,0.4,1.69
1626220,Royce O'Neale,1610612756,PHX,33.0,78,43,35,0.551,28.4,3.4,8.0,0.421,2.7,6.7,0.408,0.3,0.5,0.711,4.8,2.7,1.3,1.1,0.4,7,177,54,9.8,-113,1,9,-0.75,-0.02,-0.27,-0.31,0.49
203497,Rudy Gobert,1610612750,MIN,33.0,76,46,30,0.605,31.3,4.4,6.5,0.682,0.0,0.1,0.0,2.1,4.0,0.526,11.5,1.7,1.4,0.8,1.6,39,199,306,10.9,233,1,13,-0.56,3.01,-0.81,2.55,-0.41
1629060,Rui Hachimura,1610612747,LAL,28.0,68,47,21,0.691,28.3,4.5,8.8,0.514,1.7,3.9,0.443,0.7,1.1,0.694,3.3,0.8,0.6,0.6,0.3,23,110,47,11.5,81,1,7,-0.46,-0.7,-1.3,-0.55,-1.01
201566,Russell Westbrook,1610612758,SAC,37.0,64,16,48,0.25,28.9,5.6,13.1,0.427,2.0,5.9,0.338,2.0,2.9,0.694,5.4,6.7,3.3,1.3,0.2,42,147,141,15.2,-456,1,18,0.19,0.25,1.88,-0.79,1.09
1641750,Ryan Kalkbrenner,1610612766,CHA,24.0,69,39,30,0.565,21.4,3.2,4.2,0.753,0.0,0.1,0.0,1.2,1.7,0.716,5.5,0.8,0.9,0.5,1.5,27,107,95,7.6,46,1,1,-1.14,0.29,-1.3,2.31,-1.3
1631157,Ryan Rollins,1610612749,MIL,23.0,74,29,45,0.392,32.1,6.6,13.9,0.472,2.5,6.1,0.406,1.7,2.1,0.796,4.6,5.6,2.7,1.5,0.4,73,193,154,17.3,-175,1,4,0.55,-0.11,1.29,-0.31,1.69
1630180,Saddiq Bey,1610612740,NOP,27.0,72,24,48,0.333,31.2,6.1,13.4,0.451,2.1,5.7,0.367,3.4,4.1,0.841,5.6,2.5,0.9,0.9,0.1,52,95,177,17.7,-187,1,6,0.62,0.34,-0.38,-1.03,-0.11
1630573,Sam Hauser,1610612738,BOS,28.0,78,54,24,0.692,24.8,3.2,7.7,0.419,2.5,6.5,0.393,0.2,0.3,0.85,3.8,1.5,0.4,0.5,0.3,8,113,33,9.2,369,1,5,-0.86,-0.48,-0.92,-0.55,-1.3
1630241,Sam Merrill,1610612739,CLE,30.0,52,37,15,0.712,26.5,4.3,9.3,0.461,3.0,7.2,0.421,1.1,1.3,0.855,2.6,2.4,0.8,0.6,0.1,10,127,91,12.8,242,1,6,-0.23,-1.02,-0.44,-1.03,-1.01
1630572,Sandro Mamukelashvili,1610612761,TOR,27.0,80,44,36,0.55,21.9,4.1,7.9,0.523,1.4,3.7,0.389,1.5,2.0,0.747,4.9,1.9,0.8,0.8,0.5,34,147,109,11.2,184,1,5,-0.51,0.02,-0.71,-0.07,-0.41
1630583,Santi Aldama,1610612763,MEM,25.0,43,19,24,0.442,27.9,5.3,11.1,0.479,1.6,4.7,0.35,1.8,2.7,0.667,6.7,2.9,1.3,0.9,0.7,11,69,93,14.0,-48,1,5,-0.02,0.84,-0.17,0.4,-0.11
1630703,Scoot Henderson,1610612757,POR,22.0,30,18,12,0.6,24.9,4.8,11.4,0.418,1.9,5.4,0.352,2.8,3.3,0.84,2.7,3.7,2.4,0.9,0.3,18,85,91,14.2,53,1,5,0.01,-0.97,0.27,-0.55,-0.11
1630567,Scottie Barnes,1610612761,TOR,24.0,80,45,35,0.563,33.5,7.1,14.0,0.507,0.8,2.8,0.304,3.0,3.7,0.815,7.5,5.9,2.6,1.4,1.4,48,211,267,18.1,266,1,5,0.69,1.2,1.45,2.07,1.39
1631101,Shaedon Sharpe,1610612757,POR,23.0,50,24,26,0.48,29.4,7.8,17.4,0.452,2.1,6.1,0.337,3.1,3.9,0.787,4.3,2.6,2.9,1.4,0.1,57,98,165,20.8,-50,1,4,1.16,-0.25,-0.33,-1.03,1.39
1628983,Shai Gilgeous-Alexander,1610612760,OKC,27.0,68,56,12,0.824,33.2,10.8,19.4,0.553,1.7,4.4,0.386,7.9,9.0,0.879,4.3,6.6,2.2,1.4,0.8,57,139,415,31.1,788,1,8,2.95,-0.25,1.83,0.64,1.39
1642883,Sion James,1610612766,CHA,23.0,82,44,38,0.537,22.5,1.7,4.5,0.371,1.0,2.9,0.352,1.0,1.2,0.837,3.5,2.0,0.8,0.6,0.2,28,148,98,5.4,65,1,1,-1.52,-0.61,-0.65,-0.79,-1.01
1642461,Spencer Jones,1610612743,DEN,24.0,64,41,23,0.641,22.1,2.1,4.1,0.504,0.9,2.2,0.396,0.5,0.8,0.608,3.3,0.8,0.5,0.8,0.5,16,175,49,5.5,1,1,2,-1.5,-0.7,-1.3,-0.07,-0.41
201939,Stephen Curry,1610612744,GSW,38.0,43,24,19,0.558,30.9,8.7,18.6,0.468,4.4,11.3,0.393,4.7,5.1,0.923,3.6,4.7,2.8,1.1,0.4,26,75,199,26.6,89,1,17,2.17,-0.57,0.81,-0.31,0.49
1642264,Stephon Castle,1610612759,SAS,21.0,68,51,17,0.75,30.0,5.7,12.0,0.471,1.2,3.6,0.332,4.1,5.6,0.734,5.3,7.4,3.2,1.1,0.3,68,222,300,16.7,408,1,2,0.45,0.2,2.26,-0.55,0.49
203500,Steven Adams,1610612745,HOU,32.0,32,21,11,0.656,22.8,2.2,4.3,0.504,0.0,0.0,0.0,1.5,2.5,0.58,8.6,1.5,1.1,0.7,0.6,9,55,70,5.8,194,1,13,-1.45,1.7,-0.92,0.16,-0.71
1629004,Svi Mykhailiuk,1610612762,UTA,29.0,50,14,36,0.28,23.1,3.5,7.2,0.478,2.0,4.8,0.408,0.5,0.6,0.893,2.5,1.9,0.8,0.5,0.1,14,63,30,9.4,-77,1,8,-0.82,-1.07,-0.71,-1.03,-1.3
1631106,Tari Eason,1610612745,HOU,25.0,60,38,22,0.633,25.8,4.0,9.7,0.416,1.6,4.3,0.358,0.9,1.1,0.776,6.3,1.5,1.4,1.2,0.5,43,138,64,10.4,167,1,4,-0.65,0.66,-0.92,-0.07,0.79
1629611,Terance Mann,1610612751,BKN,29.0,63,15,48,0.238,24.3,2.7,5.8,0.457,0.9,2.4,0.364,1.0,1.3,0.788,3.2,3.0,1.1,0.7,0.2,22,155,79,7.2,-267,1,7,-1.21,-0.75,-0.11,-0.79,-0.71
203501,Tim Hardaway Jr.,1610612743,DEN,34.0,80,52,28,0.65,26.6,4.4,9.7,0.447,2.8,6.9,0.407,2.0,2.4,0.811,2.6,1.4,0.5,0.5,0.1,18,100,148,13.5,200,1,13,-0.11,-1.02,-0.97,-1.03,-1.3
202699,Tobias Harris,1610612765,DET,33.0,63,46,17,0.73,27.7,4.9,10.5,0.469,1.3,3.5,0.368,2.2,2.5,0.866,5.1,2.5,1.0,0.9,0.4,35,107,107,13.3,368,1,15,-0.14,0.11,-0.38,-0.31,-0.11
1641739,Toumani Camara,1610612757,POR,26.0,82,42,40,0.512,33.3,4.8,10.9,0.44,2.7,7.2,0.37,1.2,1.7,0.708,5.1,2.5,1.8,1.1,0.4,44,237,220,13.4,32,1,3,-0.13,0.11,-0.38,-0.31,0.49
1642848,Tre Johnson,1610612764,WAS,20.0,60,12,48,0.2,24.0,4.5,10.8,0.419,1.9,5.4,0.358,1.3,1.4,0.874,2.8,2.0,1.6,0.6,0.3,10,122,74,12.2,-338,1,1,-0.34,-0.93,-0.65,-0.55,-1.01
1630200,Tre Jones,1610612741,CHI,26.0,65,27,38,0.415,27.0,5.2,9.5,0.553,0.6,2.0,0.315,2.9,3.5,0.841,3.1,5.4,1.4,1.2,0.2,51,94,187,14.1,-137,1,6,-0.01,-0.79,1.18,-0.79,0.79
1630530,Trey Murphy III,1610612740,NOP,25.0,66,21,45,0.318,35.5,7.5,15.9,0.47,3.2,8.6,0.379,3.3,3.7,0.886,5.7,3.8,1.8,1.5,0.4,24,138,194,21.5,-169,1,5,1.28,0.38,0.32,-0.31,1.69
1641783,Tristan da Silva,1610612753,ORL,25.0,77,43,34,0.558,24.7,3.6,8.1,0.45,1.6,4.2,0.374,1.1,1.2,0.884,3.7,1.6,0.9,0.9,0.3,23,117,80,9.9,103,1,2,-0.74,-0.52,-0.87,-0.55,-0.11
1629639,Tyler Herro,1610612748,MIA,26.0,33,14,19,0.424,31.3,7.5,15.6,0.48,2.5,6.7,0.378,3.0,3.3,0.917,4.8,4.1,1.9,0.7,0.4,21,62,86,20.5,-38,1,7,1.11,-0.02,0.48,-0.31,-0.71
1630178,Tyrese Maxey,1610612755,PHI,25.0,70,38,32,0.543,38.0,9.9,21.4,0.462,3.1,8.6,0.367,5.3,6.0,0.892,4.1,6.6,2.4,1.9,0.8,70,151,285,28.3,113,1,6,2.47,-0.34,1.83,0.64,2.88
1642845,VJ Edgecombe,1610612755,PHI,20.0,75,43,32,0.573,35.0,6.0,13.7,0.438,2.0,5.6,0.354,2.0,2.4,0.818,5.6,4.2,1.8,1.4,0.5,54,214,144,16.0,57,1,1,0.33,0.34,0.54,-0.07,1.39
1641705,Victor Wembanyama,1610612759,SAS,22.0,64,50,14,0.781,29.2,8.6,16.9,0.512,1.9,5.5,0.349,5.8,7.0,0.827,11.5,3.1,2.4,1.0,3.1,33,156,401,25.0,682,1,3,1.89,3.01,-0.06,6.12,0.19
1631246,Vince Williams Jr.,1610612762,UTA,25.0,40,16,24,0.4,20.5,2.6,7.3,0.353,1.4,4.4,0.311,1.0,1.2,0.78,3.9,4.2,1.8,0.7,0.4,11,80,53,7.5,6,2,4,-1.15,-0.43,0.54,-0.31,-0.71
1630249,Vít Krejčí,1610612757,POR,25.0,65,32,33,0.492,21.4,3.0,6.6,0.448,2.0,5.0,0.39,0.6,0.8,0.745,2.3,1.5,0.6,0.7,0.3,10,138,55,8.5,-38,2,5,-0.98,-1.16,-0.92,-0.55,-0.71
1642383,Walter Clayton Jr.,1610612763,MEM,23.0,69,17,52,0.246,20.4,2.6,6.7,0.384,1.1,3.5,0.307,1.6,1.8,0.901,2.0,4.0,1.7,0.6,0.3,39,119,110,7.8,-285,2,1,-1.1,-1.29,0.43,-0.55,-1.01
1628976,Wendell Carter Jr.,1610612753,ORL,27.0,78,43,35,0.551,29.3,4.2,8.2,0.512,0.9,2.9,0.319,2.5,3.2,0.792,7.4,2.0,1.3,0.8,0.6,43,267,227,11.8,90,1,8,-0.41,1.16,-0.65,0.16,-0.41
1642954,Will Richard,1610612744,GSW,23.0,69,34,35,0.493,20.0,2.3,5.0,0.468,1.0,3.1,0.335,0.7,0.8,0.852,2.5,1.3,0.8,1.2,0.1,12,131,60,6.4,-97,1,1,-1.35,-1.07,-1.03,-1.03,0.79
1642860,Will Riley,1610612764,WAS,20.0,74,16,58,0.216,22.1,3.7,8.4,0.439,1.1,3.3,0.316,1.9,2.4,0.8,2.9,2.0,1.3,0.7,0.1,26,91,130,10.3,-484,1,1,-0.67,-0.88,-0.65,-1.03,-0.71
1642258,Zaccharie Risacher,1610612737,ATL,21.0,67,39,28,0.582,22.4,3.6,8.0,0.455,1.4,3.9,0.368,0.9,1.3,0.644,3.8,1.1,0.9,0.9,0.5,30,147,75,9.6,-16,1,2,-0.79,-0.48,-1.14,-0.07,-0.11
203897,Zach LaVine,1610612758,SAC,31.0,39,9,30,0.231,31.4,6.7,14.0,0.479,2.5,6.5,0.39,3.2,3.6,0.88,2.8,2.3,1.9,0.7,0.3,25,81,97,19.2,-310,1,12,0.88,-0.93,-0.49,-0.55,-0.71
1630533,Ziaire Williams,1610612751,BKN,24.0,56,13,43,0.232,22.9,3.3,7.7,0.425,1.5,4.5,0.343,2.1,2.5,0.85,2.4,1.1,1.1,1.4,0.4,20,116,115,10.2,-282,1,5,-0.68,-1.11,-1.14,-0.31,1.39
1629627,Zion Williamson,1610612740,NOP,25.0,62,22,40,0.355,29.7,7.8,13.0,0.6,0.0,0.1,0.25,5.4,7.5,0.716,5.7,3.2,2.0,1.0,0.5,82,141,324,21.0,-82,1,7,1.2,0.38,-0.0,-0.07,0.19
